SpectrumID	#Scan#	SpectrumFile	LibraryName	MQScore	TIC_Query	RT_Query	MZErrorPPM	SharedPeaks	MassDiff	SpecMZ	SpecCharge	FileScanUniqueID	NumberHits	Compound_Name	Ion_Source	Instrument	Compound_Source	PI	Data_Collector	Adduct	Precursor_MZ	ExactMass	Charge	CAS_Number	Pubmed_ID	Smiles	INCHI	INCHI_AUX	Library_Class	IonMode	Organism	LibMZ	UpdateWorkflowName	LibraryQualityString	tags	molecular_formula	InChIKey	InChIKey-Planar	superclass	class	subclass	npclassifier_superclass	npclassifier_class	npclassifier_pathway	library_usi
CCMSLIB00003140027	154	spectra_filtered.mgf	GNPS-NIST14-MATCHES.mgf	0.986414	1010850.0	0	15.2125	18	0.00631714	415.254	1	temp/spectra_filtered.mgf154	1	Spectral Match to Nonaethylene glycol from NIST14	ESI	QQQ	Isolated	Data from Rob Knight and Pieter Dorrestein	Data deposited by fevargas	M+H	415.26	414.246	1	3386183	N/A	C(COCCOCCOCCOCCOCCOCCOCCOCCO)O	InChI=1S/C18H38O10/c19-1-3-21-5-7-23-9-11-25-13-15-27-17-18-28-16-14-26-12-10-24-8-6-22-4-2-20/h19-20H,1-18H2	N/A	3	Positive	GNPS-NIST14-MATCHES	415.26	UPDATE-SINGLE-ANNOTATED-BRONZE	Bronze		C18H38O10	YZUUTMGDONTGTN-UHFFFAOYSA-N	YZUUTMGDONTGTN	N/A	N/A	N/A	Glycerolipids	Monoacylglycerols	Fatty acids	mzspec:GNPS:GNPS-LIBRARY:CCMSLIB00003140027
CCMSLIB00003137492	222	spectra_filtered.mgf	GNPS-NIST14-MATCHES.mgf	0.983792	123240.0	0	2.46265	10	0.000701904	285.021	1	temp/spectra_filtered.mgf222	1	Spectral Match to Sulfachloropyridazine from NIST14	ESI	QqQ	Isolated	Data from Rob Knight	Data deposited by aaksenov	M+H	285.02	0.0	1	80320	N/A	N/A	N/A	N/A	3	Positive	GNPS-NIST14-MATCHES	285.02	UPDATE-SINGLE-ANNOTATED-BRONZE	Bronze		N/A	N/A	N/A	N/A	N/A	N/A	N/A	N/A	N/A	mzspec:GNPS:GNPS-LIBRARY:CCMSLIB00003137492
CCMSLIB00012716715	1975	spectra_filtered.mgf	GNPS-N-ACYL-LIPIDS-MASSQL.mgf	0.978382	88387.0	0	4.03581	8	0.00109863	272.222	1	temp/spectra_filtered.mgf1975	1	Candidate Alanine/Sarcosine-C12:0 (delta mass:182.1665)	LC-ESI	Orbitrap	Crude	Pieter Dorrestein	helenamrusso	M+H	272.221	272.221	0	N/A	N/A	N/A	N/A	N/A	4	Positive	GNPS-N-ACYL-LIPIDS-MASSQL	272.221	UPDATE-SINGLE-ANNOTATED-BRONZE	Insilico		N/A	N/A	N/A	N/A	N/A	N/A	N/A	N/A	N/A	mzspec:GNPS:GNPS-LIBRARY:CCMSLIB00012716715
CCMSLIB00000577480	2083	spectra_filtered.mgf	GNPS-LIBRARY.mgf	0.975391	138732.0	0	7.69405	7	0.0032959	428.373	1	temp/spectra_filtered.mgf2083	1	Sorbitane Monooleate - Polysorbate 20 in-source fragment	LC-ESI	qTof	Lysate	PDorrestein	AMelnik	M+H	428.37	0.0	0	 	 	CCCCCCCCC=CCCCCCCCC(=O)OCC(C1C(C(CO1)O)O)O	InChI=1S/C24H44O6/c1-2-3-4-5-6-7-8-9-10-11-12-13-14-15-16-17-22(27)29-19-21(26)24-23(28)20(25)18-30-24/h9-10,20-21,23-26,28H,2-8,11-19H2,1H3	 	3	Positive	GNPS-LIBRARY	428.37	UPDATE-SINGLE-ANNOTATED-BRONZE	Bronze		C24H44O6	NWGKJDSIEKMTRX-UHFFFAOYSA-N	NWGKJDSIEKMTRX	N/A	N/A	N/A	Fatty esters	Wax monoesters	Fatty acids	mzspec:GNPS:GNPS-LIBRARY:CCMSLIB00000577480
CCMSLIB00000222069	19	spectra_filtered.mgf	MASSBANK.mgf	0.975173	14840.0	0	2.41132	7	0.000701904	291.086	1	temp/spectra_filtered.mgf19	1	Massbank:PB001338 Epicatechin|(2R,3R)-2-(3,4-dihydroxyphenyl)chroman-3,5,7-triol	ESI	LC-ESI-QTOF	Isolated	Putative Massbank Match	Massbank	[M+H]+	291.087	0.0	1	N/A	N/A	C1C(C(OC2=CC(=CC(=C21)O)O)C3=CC(=C(C=C3)O)O)O	1S/C15H14O6/c16-8-4-11(18)9-6-13(20)15(21-14(9)5-8)7-1-2-10(17)12(19)3-7/h1-5,13,15-20H,6H2/t13-,15-/m1/s1	N/A	3	Positive	MASSBANK	291.087	UPDATE-SINGLE-ANNOTATED-BRONZE	Bronze		C15H14O6	PFTAWBLQPZVEMU-UHFFFAOYSA-N	PFTAWBLQPZVEMU	N/A	N/A	N/A	Flavonoids	Flavan-3-ols	Shikimates and Phenylpropanoids	mzspec:GNPS:GNPS-LIBRARY:CCMSLIB00000222069
CCMSLIB00000531495	1956	spectra_filtered.mgf	GNPS-LIBRARY.mgf	0.972522	302382.0	0	31.4914	7	0.00958252	304.3	1	temp/spectra_filtered.mgf1956	1	Benzalkonium chloride (C12)	LC-ESI	qTof	Lysate	Dorrestein	Quinn	M+H	304.29	0.0	1	 	 	 	 	 	3	Positive	GNPS-LIBRARY	304.29	UPDATE-SINGLE-ANNOTATED-BRONZE	Bronze	Quaternary Ammonium Compound[Chemical Family]	N/A	N/A	N/A	N/A	N/A	N/A	N/A	N/A	N/A	mzspec:GNPS:GNPS-LIBRARY:CCMSLIB00000531495
CCMSLIB00013655233	2858	spectra_filtered.mgf	GNPS-DRUG-ANALOG.mgf	0.969396	84088.0	0	3.09289	11	0.00152588	493.349	1	temp/spectra_filtered.mgf2858	1	related spectra of 'Tricaprylin  (Delta Mass:4.955)'	LC-ESI	Orbitrap	Crude	Pieter Dorrestein	Nina Zhao	M+NH4	493.351	0.0	1	N/A	N/A	N/A	N/A	N/A	3	Positive	GNPS-DRUG-ANALOG	493.351	UPDATE-SINGLE-ANNOTATED-BRONZE	Bronze		N/A	N/A	N/A	N/A	N/A	N/A	N/A	N/A	N/A	mzspec:GNPS:GNPS-LIBRARY:CCMSLIB00013655233
CCMSLIB00005775317	2437	spectra_filtered.mgf	MASSBANK.mgf	0.968991	354986.0	0	0.628807	6	0.000183105	291.195	1	temp/spectra_filtered.mgf2437	1	Massbank:AU250201 Octyl-methoxycinnamate|Octinoxate|2-ethylhexyl (E)-3-(4-methoxyphenyl)prop-2-enoate	ESI	qTof	Isolated	Massbank	Massbank	M+H	291.195	0.0	1	5466-77-3	N/A	CCCCC(CC)COC(=O)\C=C\C1=CC=C(OC)C=C1	1S/C18H26O3/c1-4-6-7-15(5-2)14-21-18(19)13-10-16-8-11-17(20-3)12-9-16/h8-13,15H,4-7,14H2,1-3H3/b13-10+	N/A	3	Positive	MASSBANK	291.195	UPDATE-SINGLE-ANNOTATED-BRONZE	Bronze		C18H26O3	YBGZDTIWKVFICR-JLHYYAGUSA-N	YBGZDTIWKVFICR	N/A	N/A	N/A	Phenylpropanoids (C6-C3)	Cinnamic acids and derivatives	Shikimates and Phenylpropanoids	mzspec:GNPS:GNPS-LIBRARY:CCMSLIB00005775317
CCMSLIB00003137228	123	spectra_filtered.mgf	GNPS-NIST14-MATCHES.mgf	0.967712	165644.0	0	2.92755	7	0.000793457	271.032	1	temp/spectra_filtered.mgf123	1	Spectral Match to Sulfamethizole from NIST14	ESI	QQQ	Isolated	Data from System Wide MS course 	Data deposited by daniel	M+H	271.031	270.025	1	144821	N/A	CC1=NN=C(S1)NS(=O)(=O)C2=CC=C(C=C2)N	InChI=1S/C9H10N4O2S2/c1-6-11-12-9(16-6)13-17(14,15)8-4-2-7(10)3-5-8/h2-5H,10H2,1H3,(H,12,13)	N/A	3	Positive	GNPS-NIST14-MATCHES	271.031	UPDATE-SINGLE-ANNOTATED-BRONZE	Bronze		C9H10N4O2S2	VACCAVUAMIDAGB-UHFFFAOYSA-N	VACCAVUAMIDAGB	N/A	N/A	N/A				mzspec:GNPS:GNPS-LIBRARY:CCMSLIB00003137228
CCMSLIB00013654763	1011	spectra_filtered.mgf	GNPS-DRUG-ANALOG.mgf	0.966487	53803.0	0	2.57897	7	0.000701904	272.164	1	temp/spectra_filtered.mgf1011	1	"""related spectra of 'Massbank:AU267102 Diphenhydramine|2-benzhydryloxy-N,N-dimethylethanamine (Delta Mass:15.995)'"""	LC-ESI	Orbitrap	Crude	Pieter Dorrestein	Nina Zhao	M+H	272.165	0.0	1	N/A	N/A	N/A	N/A	N/A	3	Positive	GNPS-DRUG-ANALOG	272.165	UPDATE-SINGLE-ANNOTATED-BRONZE	Bronze		N/A	N/A	N/A	N/A	N/A	N/A	N/A	N/A	N/A	mzspec:GNPS:GNPS-LIBRARY:CCMSLIB00013654763
CCMSLIB00000078463	1431	spectra_filtered.mgf	GNPS-SELLECKCHEM-FDA-PART2.mgf	0.965021	541206.0	0	0.518873	23	0.000427246	823.411	1	temp/spectra_filtered.mgf1431	1	Ammonium Glycyrrhizinate (AMGZ)	LC-ESI	qTof	Commercial	Dorrestein	Garg_Neha	[M+H]	823.411	822.404	1	1407-03-0	N/A	[C@@]1(CC[C@]2([C@@](C1)(C3[C@@](CC2)([C@]4([C@](C(C=3)=O)([C@]5([C@@](CC4)(C([C@H](CC5)O[C@]6(O[C@@H]([C@H]([C@@H]([C@@H]6O[C@]7([C@@H]([C@H]([C@@H]([C@H](O7)C(=O)O)O)O)O)[H])O)O)C(O)=O)[H])(C)C)[H])C)[H])C)C)[H])C)(C)C(O)=O.N	InChI=1S/C42H62O16.H3N/c1-37(2)21-8-11-42(7)31(20(43)16-18-19-17-39(4,36(53)54)13-12-38(19,3)14-15-41(18,42)6)40(21,5)10-9-22(37)55-35-30(26(47)25(46)29(57-35)33(51)52)58-34-27(48)23(44)24(45)28(56-34)32(49)50;/h16,19,21-31,34-35,44-48H,8-15,17H2,1-7H3,(H,49,50)(H,51,52)(H,53,54);1H3/t19-,21-,22-,23-,24-,25-,26-,27+,28-,29-,30-,31+,34-,35-,38+,39-,40+,41+,42+;/m0./s1	N/A	1	Positive	GNPS-SELLECKCHEM-FDA-PART2	823.411	UPDATE-SINGLE-ANNOTATED-GOLD	Gold		C42H65NO16	ILRKKHJEINIICQ-XEROEHLQSA-N	ILRKKHJEINIICQ	N/A	N/A	N/A	Triterpenoids	Oleanane triterpenoids	Terpenoids	mzspec:GNPS:GNPS-LIBRARY:CCMSLIB00000078463
CCMSLIB00005489740	1742	spectra_filtered.mgf	GNPS-IIMN-PROPOGATED.mgf	0.964507	90162.0	0	1.46998	6	0.000610352	415.211	1	temp/spectra_filtered.mgf1742	1	NCGC00347704-02_C24H32O7_2H-Oxireno[1,10a]phenanthro[3,2-b]furan-10(11bH)-one, 5,7-bis(acetyloxy)-3,3a,4,5,6,7,7a,7b,8,8a-decahydro-4,4,7a,11-tetramethyl-, (1aS,3aR,5S,7S,7aR,7bS,8aR,11bR)- [IIN-based: Match]	LC-ESI	qTof	Other	Pieter Dorrestein	Robin Schmid	[M+H]+	415.212	414.204	1	N/A	N/A	CC(=O)O[C@H]1C[C@H](OC(C)=O)[C@]2(C)[C@H](CC[C@@]34O[C@@H]3C/5=C(C)/C(=O)O[C@@H]5C[C@@H]24)C1(C)C	InChI=1S/C24H32O7/c1-11-19-14(30-21(11)27)9-16-23(6)15(7-8-24(16)20(19)31-24)22(4,5)17(28-12(2)25)10-18(23)29-13(3)26/h14-18,20H,7-10H2,1-6H3/t14-,15-,16+,17+,18+,20-,23-,24+/m1/s1	N/A	3	Positive	GNPS-IIMN-PROPOGATED	415.212	UPDATE-SINGLE-ANNOTATED-BRONZE	Bronze		C24H32O7	YOELDOOOBJSHSZ-SRFZOMHBSA-N	YOELDOOOBJSHSZ	N/A	N/A	N/A	Diterpenoids	Briarane diterpenoids	Terpenoids	mzspec:GNPS:GNPS-LIBRARY:CCMSLIB00005489740
CCMSLIB00003137715	1536	spectra_filtered.mgf	GNPS-NIST14-MATCHES.mgf	0.964015	86239.0	0	15.7307	5	0.00350952	223.096	1	temp/spectra_filtered.mgf1536	1	Spectral Match to Diethyl phthalate from NIST14	ESI	QQQ	Isolated	Data from ckapono	Data deposited by ckapono	M+H	223.1	222.089	1	84662	N/A	CCOC(=O)C1=CC=CC=C1C(=O)OCC	InChI=1S/C12H14O4/c1-3-15-11(13)9-7-5-6-8-10(9)12(14)16-4-2/h5-8H,3-4H2,1-2H3	N/A	3	Positive	GNPS-NIST14-MATCHES	223.1	UPDATE-SINGLE-ANNOTATED-BRONZE	Bronze		C12H14O4	FLKPEMZONWLCSK-UHFFFAOYSA-N	FLKPEMZONWLCSK	N/A	N/A	N/A	Phenolic acids (C6-C1)	Shikimic acids and derivatives|Simple phenolic acids	Shikimates and Phenylpropanoids	mzspec:GNPS:GNPS-LIBRARY:CCMSLIB00003137715
CCMSLIB00005776263	100	spectra_filtered.mgf	MASSBANK.mgf	0.955974	197210.0	0	0.0	10	0.0	279.091	1	temp/spectra_filtered.mgf100	1	Massbank:AU100806 Sulfamethazine|4-amino-N-(4,6-dimethylpyrimidin-2-yl)benzenesulfonamide	ESI	qTof	Isolated	Massbank	Massbank	M+H	279.091	0.0	1	57-68-1	N/A	CC1=CC(C)=NC(NS(=O)(=O)C2=CC=C(N)C=C2)=N1	1S/C12H14N4O2S/c1-8-7-9(2)15-12(14-8)16-19(17,18)11-5-3-10(13)4-6-11/h3-7H,13H2,1-2H3,(H,14,15,16)	N/A	3	Positive	MASSBANK	279.091	UPDATE-SINGLE-ANNOTATED-BRONZE	Bronze		C12H14N4O2S	ASWVTGNCAZCNNR-UHFFFAOYSA-N	ASWVTGNCAZCNNR	N/A	N/A	N/A			Alkaloids	mzspec:GNPS:GNPS-LIBRARY:CCMSLIB00005776263
CCMSLIB00003135802	194	spectra_filtered.mgf	GNPS-NIST14-MATCHES.mgf	0.955105	1136840.0	0	13.2891	17	0.00610352	459.28	1	temp/spectra_filtered.mgf194	1	Spectral Match to Decaethylene glycol from NIST14	LC-ESI	qTof	Isolated	Data from Rob Knight and Pieter Dorrestein	Data deposited by fevargas	M+H	459.286	0.0	1	5579668	N/A	C(COCCOCCOCCOCCOCCOCCOCCOCCOCCO)O	InChI=1S/C20H42O11/c21-1-3-23-5-7-25-9-11-27-13-15-29-17-19-31-20-18-30-16-14-28-12-10-26-8-6-24-4-2-22/h21-22H,1-20H2	N/A	3	Positive	GNPS-NIST14-MATCHES	459.286	UPDATE-SINGLE-ANNOTATED-BRONZE	Bronze		C20H42O11	DTPCFIHYWYONMD-UHFFFAOYSA-N	DTPCFIHYWYONMD	N/A	N/A	N/A	Glycerolipids	Monoacylglycerols	Fatty acids	mzspec:GNPS:GNPS-LIBRARY:CCMSLIB00003135802
CCMSLIB00000206398	642	spectra_filtered.mgf	MASSBANK.mgf	0.954883	218894.0	0	3.82595	10	0.00119019	311.081	1	temp/spectra_filtered.mgf642	1	Massbank: Sulfadimethoxine	ESI	LC-ESI-QTOF	Isolated	Putative Massbank Match	Massbank	[M+H]+	311.082	0.0	1	N/A	N/A	[H]C([H])([H])Oc(n2)nc(c([H])c(OC([H])([H])[H])2)N([H])S(=O)(=O)c(c([H])1)c([H])c([H])c(N([H])[H])c([H])1	1S/C12H14N4O4S/c1-19-11-7-10(14-12(15-11)20-2)16-21(17,18)9-5-3-8(13)4-6-9/h3-7H,13H2,1-2H3,(H,14,15,16)	N/A	3	Positive	MASSBANK	311.082	UPDATE-SINGLE-ANNOTATED-BRONZE	Bronze		C12H14N4O4S	ZZORFUFYDOWNEF-UHFFFAOYSA-N	ZZORFUFYDOWNEF	N/A	N/A	N/A			Alkaloids	mzspec:GNPS:GNPS-LIBRARY:CCMSLIB00000206398
CCMSLIB00003137516	1666	spectra_filtered.mgf	GNPS-NIST14-MATCHES.mgf	0.954016	34752.0	0	2.94439	9	0.00109863	373.127	1	temp/spectra_filtered.mgf1666	1	Spectral Match to Tangeritin from NIST14	LC-ESI	qTof	Isolated	Data from P.Dorrestein	Data deposited by amelnik	M+H	373.128	0.0	1	481538	N/A	O=C1C2=C(C(OC)=C(C(OC)=C2OC(C3=CC=C(C=C3)OC)=C1)OC)OC	InChI=1S/C20H20O7/c1-22-12-8-6-11(7-9-12)14-10-13(21)15-16(23-2)18(24-3)20(26-5)19(25-4)17(15)27-14/h6-10H,1-5H3	N/A	3	Positive	GNPS-NIST14-MATCHES	373.128	UPDATE-SINGLE-ANNOTATED-BRONZE	Bronze		C20H20O7	ULSUXBXHSYSGDT-UHFFFAOYSA-N	ULSUXBXHSYSGDT	N/A	N/A	N/A	Flavonoids	Flavones	Shikimates and Phenylpropanoids	mzspec:GNPS:GNPS-LIBRARY:CCMSLIB00003137516
CCMSLIB00000215807	1384	spectra_filtered.mgf	MASSBANK.mgf	0.952816	404862.0	0	2.5231	12	0.000701904	278.19	1	temp/spectra_filtered.mgf1384	1	Massbank:FIO00474 Amitryptiline	ESI	LC-ESI-QTOF	Isolated	Putative Massbank Match	Massbank	[M+H]+	278.191	0.0	1	50-48-6	N/A	CN(C)CCC=C(c21)c(c3)c(ccc3)CCc(cccc2)1	1S/C20H23N/c1-21(2)15-7-12-20-18-10-5-3-8-16(18)13-14-17-9-4-6-11-19(17)20/h3-6,8-12H,7,13-15H2,1-2H3	N/A	3	Positive	MASSBANK	278.191	UPDATE-SINGLE-ANNOTATED-BRONZE	Bronze		C20H23N	KRMDCWKBEZIMAB-UHFFFAOYSA-N	KRMDCWKBEZIMAB	N/A	N/A	N/A				mzspec:GNPS:GNPS-LIBRARY:CCMSLIB00000215807
CCMSLIB00013654436	2087	spectra_filtered.mgf	GNPS-DRUG-ANALOG.mgf	0.951745	55346.0	0	41.8757	6	0.013916	332.331	1	temp/spectra_filtered.mgf2087	1	related spectra of 'Benzalkonium chloride (C12) (Delta Mass:28.031)'	LC-ESI	Orbitrap	Crude	Pieter Dorrestein	Nina Zhao	M+H	332.317	0.0	1	N/A	N/A	N/A	N/A	N/A	3	Positive	GNPS-DRUG-ANALOG	332.317	UPDATE-SINGLE-ANNOTATED-BRONZE	Bronze		N/A	N/A	N/A	N/A	N/A	N/A	N/A	N/A	N/A	mzspec:GNPS:GNPS-LIBRARY:CCMSLIB00013654436
CCMSLIB00003137397	2778	spectra_filtered.mgf	GNPS-NIST14-MATCHES.mgf	0.951274	17984.0	0	0.221535	5	9.15527e-05	413.266	1	temp/spectra_filtered.mgf2778	1	Spectral Match to Dioctyl phthalate from NIST14	ESI	HCD	Isolated	Data from P Dorrestein	Data deposited by dfloros	M+Na	413.266	0.0	1	117840	N/A	N/A	N/A	N/A	3	Positive	GNPS-NIST14-MATCHES	413.266	UPDATE-SINGLE-ANNOTATED-BRONZE	Bronze		N/A	N/A	N/A	N/A	N/A	N/A	N/A	N/A	N/A	mzspec:GNPS:GNPS-LIBRARY:CCMSLIB00003137397
CCMSLIB00000579923	2429	spectra_filtered.mgf	CASMI.mgf	0.948252	4414.0	0	1.23162	5	0.000198364	161.06	1	temp/spectra_filtered.mgf2429	1	4-Methylcoumarin	LC-ESI	Orbitrap	Commercial	CASMI	CASMI2016	M+H	161.06	0.0	1	N/A	8343	CC1=CC(=O)OC2=CC=CC=C12	"""InChI=1S/C10H8O2/c1-7-6-10(11)12-9-5-3-2-4-8(7)9/h2-6H,1H3"""	N/A	1	 Positive	CASMI	161.06	UPDATE-SINGLE-ANNOTATED-GOLD	Gold		C10H8O2	PSGQCCSGKGJLRL-UHFFFAOYSA-N	PSGQCCSGKGJLRL	N/A	N/A	N/A	Coumarins	Simple coumarins	Shikimates and Phenylpropanoids	mzspec:GNPS:GNPS-LIBRARY:CCMSLIB00000579923
CCMSLIB00000208634	452	spectra_filtered.mgf	MASSBANK.mgf	0.94762	30490.0	0	1.14839	5	0.000488281	425.188	1	temp/spectra_filtered.mgf452	1	Massbank:EA065703 Clindamycin|(2S,4R)-N-[2-chloranyl-1-[(2R,3R,4S,5R,6R)-6-methylsulfanyl-3,4,5-tris(oxidanyl)oxan-2-yl]propyl]-1-methyl-4-propyl-pyrrolidine-2-carboxamide	ESI	LC-ESI-ITFT	Isolated	Putative Massbank Match	Massbank	[M+H]+	425.187	0.0	1	18323-44-9	N/A	CCC[C@@H]1C[C@H](N(C1)C)C(=O)NC([C@@H]2[C@@H]([C@@H]([C@H]([C@H](O2)SC)O)O)O)C(C)Cl	1S/C18H33ClN2O5S/c1-5-6-10-7-11(21(3)8-10)17(25)20-12(9(2)19)16-14(23)13(22)15(24)18(26-16)27-4/h9-16,18,22-24H,5-8H2,1-4H3,(H,20,25)/t9?,10-,11+,12?,13+,14-,15-,16-,18-/m1/s1	N/A	3	Positive	MASSBANK	425.187	UPDATE-SINGLE-ANNOTATED-BRONZE	Bronze		C18H33ClN2O5S	KDLRVYVGXIQJDK-NOWPCOIGSA-N	KDLRVYVGXIQJDK	N/A	N/A	N/A				mzspec:GNPS:GNPS-LIBRARY:CCMSLIB00000208634
CCMSLIB00003136650	2780	spectra_filtered.mgf	GNPS-NIST14-MATCHES.mgf	0.94475	355918.0	0	0.0	5	0.0	391.284	1	temp/spectra_filtered.mgf2780	1	Spectral Match to Bis(2-ethylhexyl) phthalate from NIST14	ESI	IT/ion trap	Isolated	Data from Rob Knight	Data deposited by rsilva	M+H	391.284	0.0	1	117817	N/A	N/A	N/A	N/A	3	Positive	GNPS-NIST14-MATCHES	391.284	UPDATE-SINGLE-ANNOTATED-BRONZE	Bronze	Plasticizer[Source Environment]	N/A	N/A	N/A	N/A	N/A	N/A	N/A	N/A	N/A	mzspec:GNPS:GNPS-LIBRARY:CCMSLIB00003136650
CCMSLIB00012717533	1993	spectra_filtered.mgf	GNPS-N-ACYL-LIPIDS-MASSQL.mgf	0.943153	383719.0	0	1.36293	11	0.000488281	358.259	1	temp/spectra_filtered.mgf1993	1	Candidate Glutamic acid-C14:0 (delta mass:210.1983)	LC-ESI	Orbitrap	Crude	Pieter Dorrestein	helenamrusso	M+H	358.259	358.259	0	N/A	N/A	N/A	N/A	N/A	4	Positive	GNPS-N-ACYL-LIPIDS-MASSQL	358.259	UPDATE-SINGLE-ANNOTATED-BRONZE	Insilico		N/A	N/A	N/A	N/A	N/A	N/A	N/A	N/A	N/A	mzspec:GNPS:GNPS-LIBRARY:CCMSLIB00012717533
CCMSLIB00003138395	2169	spectra_filtered.mgf	GNPS-NIST14-MATCHES.mgf	0.943137	112129.0	0	13.0341	11	0.00817871	627.48	1	temp/spectra_filtered.mgf2169	1	Spectral Match to Glycerol 1-myristate from NIST14	ESI	QQQ	Isolated	Data from Pieter Dorrestein	Data deposited by mwang87	2M+Na	627.488	302.246	1	589684	N/A	CCCCCCCCCCCCCC(=O)OCC(CO)O	InChI=1S/C17H34O4/c1-2-3-4-5-6-7-8-9-10-11-12-13-17(20)21-15-16(19)14-18/h16,18-19H,2-15H2,1H3	N/A	3	Positive	GNPS-NIST14-MATCHES	627.488	UPDATE-SINGLE-ANNOTATED-BRONZE	Bronze		C17H34O4	DCBSHORRWZKAKO-UHFFFAOYSA-N	DCBSHORRWZKAKO	N/A	N/A	N/A	Glycerolipids	Monoacylglycerols	Fatty acids	mzspec:GNPS:GNPS-LIBRARY:CCMSLIB00003138395
CCMSLIB00010140771	2018	spectra_filtered.mgf	MCE-DRUG.mgf	0.934829	40625.0	0	1.02346	5	0.000305176	298.18	1	temp/spectra_filtered.mgf2018	1	ibuprofen piconol	ESI	Orbitrap	Crude	Tomas Pluskal	Corinna Brungs	M+H	298.18	297.173	1	N/A	N/A	CC(C)Cc1ccc(C(C)C(=O)OCc2ccccn2)cc1	"""InChI=1S/C19H23NO2/c1-14(2)12-16-7-9-17(10-8-16)15(3)19(21)22-13-18-6-4-5-11-20-18/h4-11,14-15H,12-13H2,1-3H3"""	ACEWLPOYLGNNHV-UHFFFAOYSA-N	3	Positive	MCE-DRUG	298.18	UPDATE-SINGLE-ANNOTATED-BRONZE	Bronze		C19H23NO2	ACEWLPOYLGNNHV-UHFFFAOYSA-N	ACEWLPOYLGNNHV	N/A	N/A	N/A	Nicotinic acid alkaloids	Pyridine alkaloids	Alkaloids	mzspec:GNPS:GNPS-LIBRARY:CCMSLIB00010140771
CCMSLIB00005765720	2404	spectra_filtered.mgf	MASSBANK.mgf	0.931428	195743.0	0	1.75508	5	0.000488281	278.211	1	temp/spectra_filtered.mgf2404	1	Massbank:LU101703 2-Ethylhexyl 4-(dimethylamino)benzoate	ESI	Hybrid FT	Isolated	Massbank	Massbank	M+H	278.211	0.0	1	21245-02-3	N/A	CCCCC(CC)COC(=O)C1=CC=C(C=C1)N(C)C	1S/C17H27NO2/c1-5-7-8-14(6-2)13-20-17(19)15-9-11-16(12-10-15)18(3)4/h9-12,14H,5-8,13H2,1-4H3	N/A	3	Positive	MASSBANK	278.211	UPDATE-SINGLE-ANNOTATED-BRONZE	Bronze		C17H27NO2	WYWZRNAHINYAEF-UHFFFAOYSA-N	WYWZRNAHINYAEF	N/A	N/A	N/A	Phenolic acids (C6-C1)	Shikimic acids and derivatives|Simple phenolic acids	Shikimates and Phenylpropanoids	mzspec:GNPS:GNPS-LIBRARY:CCMSLIB00005765720
CCMSLIB00013044214	1109	spectra_filtered.mgf	MSNLIB-POSITIVE.mgf	0.92784	19910.0	0	2.20242	7	0.000610352	277.129	1	temp/spectra_filtered.mgf1109	1	TRIETHYL CITRATE	ESI	Orbitrap	Commercial	Tomas Pluskal	Corinna Brungs	[M+H]+	277.128	276.121	1	N/A	N/A	CCOC(=O)CC(O)(CC(=O)OCC)C(=O)OCC	InChI=1S/C12H20O7/c1-4-17-9(13)7-12(16,11(15)19-6-3)8-10(14)18-5-2/h16H,4-8H2,1-3H3	DOOTYTYQINUNNV-UHFFFAOYSA-N	1	Positive	MSNLIB-POSITIVE	277.128	UPDATE-SINGLE-ANNOTATED-GOLD	Gold		C12H20O7	DOOTYTYQINUNNV-UHFFFAOYSA-N	DOOTYTYQINUNNV	N/A	N/A	N/A	Fatty esters	Wax monoesters	Fatty acids	mzspec:GNPS:GNPS-LIBRARY:CCMSLIB00013044214
CCMSLIB00012717751	2155	spectra_filtered.mgf	GNPS-N-ACYL-LIPIDS-MASSQL.mgf	0.920977	47438.0	0	2.29106	11	0.00088501	386.29	1	temp/spectra_filtered.mgf2155	1	Candidate Glutamic acid-C16:0 (delta mass:238.2289)	LC-ESI	Orbitrap	Crude	Pieter Dorrestein	helenamrusso	M+H	386.289	386.289	0	N/A	N/A	N/A	N/A	N/A	4	Positive	GNPS-N-ACYL-LIPIDS-MASSQL	386.289	UPDATE-SINGLE-ANNOTATED-BRONZE	Insilico		N/A	N/A	N/A	N/A	N/A	N/A	N/A	N/A	N/A	mzspec:GNPS:GNPS-LIBRARY:CCMSLIB00012717751
CCMSLIB00010066649	2019	spectra_filtered.mgf	PNNL-LIPIDS-POSITIVE.mgf	0.920153	43530.0	0	2.33692	6	0.0012207	522.355	1	temp/spectra_filtered.mgf2019	1	PC(0:0/18:1); [M+H]+ C26H53N1O7P1	LC-ESI	HCD; Velos	Commercial	Thomas Metz	Thomas Metz	M+H	522.356	0.0	1	N/A	N/A	N/A	N/A	N/A	1	Positive	PNNL-LIPIDS-POSITIVE	522.356	UPDATE-SINGLE-ANNOTATED-GOLD	Gold		N/A	N/A	N/A	N/A	N/A	N/A	N/A	N/A	N/A	mzspec:GNPS:GNPS-LIBRARY:CCMSLIB00010066649
CCMSLIB00005763071	1537	spectra_filtered.mgf	MASSBANK.mgf	0.918353	144050.0	0	1.39061	5	0.000396729	285.29	1	temp/spectra_filtered.mgf1537	1	Massbank:LU071402 N-[3-(Dimethylamino)propyl]dodecanamide	ESI	Hybrid FT	Isolated	Massbank	Massbank	M+H	285.29	0.0	1	3179-80-4	N/A	CCCCCCCCCCCC(=O)NCCCN(C)C	1S/C17H36N2O/c1-4-5-6-7-8-9-10-11-12-14-17(20)18-15-13-16-19(2)3/h4-16H2,1-3H3,(H,18,20)	N/A	3	Positive	MASSBANK	285.29	UPDATE-SINGLE-ANNOTATED-BRONZE	Bronze		C17H36N2O	TWMFGCHRALXDAR-UHFFFAOYSA-N	TWMFGCHRALXDAR	N/A	N/A	N/A	Fatty amides	N-acyl amines	Fatty acids	mzspec:GNPS:GNPS-LIBRARY:CCMSLIB00005763071
CCMSLIB00003134614	32	spectra_filtered.mgf	GNPS-NIST14-MATCHES.mgf	0.89968	669187.0	0	0.431077	7	0.00012207	283.175	1	temp/spectra_filtered.mgf32	1	Spectral Match to Hexaethylene glycol from NIST14	ESI	qTof	Isolated	Data from Rob Knight 	Data deposited by amelnik	M+H	283.175	282.168	1	2615158	N/A	C(COCCOCCOCCOCCOCCO)O	InChI=1S/C12H26O7/c13-1-3-15-5-7-17-9-11-19-12-10-18-8-6-16-4-2-14/h13-14H,1-12H2	N/A	3	Positive	GNPS-NIST14-MATCHES	283.175	UPDATE-SINGLE-ANNOTATED-BRONZE	Bronze		C12H26O7	IIRDTKBZINWQAW-UHFFFAOYSA-N	IIRDTKBZINWQAW	N/A	N/A	N/A	Glycerolipids	Monoacylglycerols	Fatty acids	mzspec:GNPS:GNPS-LIBRARY:CCMSLIB00003134614
CCMSLIB00000077206	1513	spectra_filtered.mgf	GNPS-LIBRARY.mgf	0.898575	1078190.0	0	2.31129	8	0.000793457	343.295	1	temp/spectra_filtered.mgf1513	1	CocamidopropylBetaine	ESI	Q-TOF	Cosmetic _raw meterial	Dorrestein	Amina	M+H	343.296	342.288	1	N/A	N/A	CCCCCCCCCCCC(=O)NCCC[N+](C)(C)CC(=O)[O-]	InChI=1S/C19H38N2O3/c1-4-5-6-7-8-9-10-11-12-14-18(22)20-15-13-16-21(2,3)17-19(23)24/h4-17H2,1-3H3,(H-,20,22,23,24)	N/A	2	Positive	GNPS-LIBRARY	343.296	UPDATE-SINGLE-ANNOTATED-SILVER	Silver	Surfactant[Chemical Family]	N/A	MRUAUOIMASANKQ-UHFFFAOYSA-N	MRUAUOIMASANKQ	N/A	N/A	N/A	N/A	N/A	N/A	mzspec:GNPS:GNPS-LIBRARY:CCMSLIB00000077206
CCMSLIB00012717382	1758	spectra_filtered.mgf	GNPS-N-ACYL-LIPIDS-MASSQL.mgf	0.894481	514656.0	0	0.924139	6	0.000305176	330.227	1	temp/spectra_filtered.mgf1758	1	Candidate Glutamic acid-C12:0 (delta mass:182.1666)	LC-ESI	Orbitrap	Crude	Pieter Dorrestein	helenamrusso	M+H	330.227	330.227	0	N/A	N/A	N/A	N/A	N/A	4	Positive	GNPS-N-ACYL-LIPIDS-MASSQL	330.227	UPDATE-SINGLE-ANNOTATED-BRONZE	Insilico		N/A	N/A	N/A	N/A	N/A	N/A	N/A	N/A	N/A	mzspec:GNPS:GNPS-LIBRARY:CCMSLIB00012717382
CCMSLIB00005775977	2479	spectra_filtered.mgf	MASSBANK.mgf	0.894109	74777.0	0	0.842536	5	0.000305176	362.211	1	temp/spectra_filtered.mgf2479	1	Massbank:AU250106 Octocrylene|2-ethylhexyl 2-cyano-3,3-diphenylprop-2-enoate	ESI	qTof	Isolated	Massbank	Massbank	M+H	362.211	0.0	1	6197-30-4	N/A	CCCCC(CC)COC(=O)C(C#N)=C(C1=CC=CC=C1)C1=CC=CC=C1	1S/C24H27NO2/c1-3-5-12-19(4-2)18-27-24(26)22(17-25)23(20-13-8-6-9-14-20)21-15-10-7-11-16-21/h6-11,13-16,19H,3-5,12,18H2,1-2H3	N/A	3	Positive	MASSBANK	362.211	UPDATE-SINGLE-ANNOTATED-BRONZE	Bronze		N/A	FMJSMJQBSVNSBF-UHFFFAOYSA-N	FMJSMJQBSVNSBF	N/A	N/A	N/A	N/A	N/A	N/A	mzspec:GNPS:GNPS-LIBRARY:CCMSLIB00005775977
CCMSLIB00000573743	2070	spectra_filtered.mgf	MONA.mgf	0.893661	101640.0	0	5.04485	7	0.00201416	399.249	1	temp/spectra_filtered.mgf2070	1	MoNA:2798943 Tri(butoxyethyl)phosphate	LC-ESI-ITFT	LC-ESI-ITFT	isolated	MoNA	MoNA	[M+H]+	399.251	0.0	1	N/A	N/A	CCCCOC(C)OP(=O)(OC(C)OCCCC)OC(C)OCCCC	InChI=1S/C18H39O7P/c1-7-10-13-20-16(4)23-26(19,24-17(5)21-14-11-8-2)25-18(6)22-15-12-9-3/h16-18H,7-15H2,1-6H3	N/A	3		MONA	399.251	UPDATE-SINGLE-ANNOTATED-BRONZE	Bronze		C18H39O7P	BGNTUSKZDOUZCZ-UHFFFAOYSA-N	BGNTUSKZDOUZCZ	N/A	N/A	N/A	Glycerophospholipids	Glycerophosphocholines	Fatty acids	mzspec:GNPS:GNPS-LIBRARY:CCMSLIB00000573743
CCMSLIB00010010677	1463	spectra_filtered.mgf	ECG-ACYL-AMIDES-C4-C24-LIBRARY.mgf	0.880717	13494.0	0	0.85415	13	0.000305176	357.286	1	temp/spectra_filtered.mgf1463	1	Arg-C12:0	ESI	qTof	Crude	Dorrestein	Emily Gentry	M+H	357.286	356.279	1	N/A	N/A	CCCCCCCCCCCC(NC(C(O)=O)CCCNC(N)=N)=O	InChI=1S/C18H36N4O3/c1-2-3-4-5-6-7-8-9-10-13-16(23)22-15(17(24)25)12-11-14-21-18(19)20/h15H,2-14H2,1H3,(H,22,23)(H,24,25)(H4,19,20,21)	N/A	2	Positive	ECG-ACYL-AMIDES-C4-C24-LIBRARY	357.286	UPDATE-SINGLE-ANNOTATED-SILVER	Silver		C18H36N4O3	XTJKNGLLPGBHHO-UHFFFAOYSA-N	XTJKNGLLPGBHHO	N/A	N/A	N/A	Fatty amides	N-acyl amines	Fatty acids	mzspec:GNPS:GNPS-LIBRARY:CCMSLIB00010010677
CCMSLIB00005775786	1374	spectra_filtered.mgf	MASSBANK.mgf	0.879927	60009.0	0	0.34473	18	0.000183105	531.156	1	temp/spectra_filtered.mgf1374	1	Massbank:AU269704 Ketoconazole|Xolegel|1-[4-[4-[[(2R,4S)-2-(2,4-dichlorophenyl)-2-(imidazol-1-ylmethyl)-1,3-dioxolan-4-yl]methoxy]phenyl]piperazin-1-yl]ethanone	ESI	qTof	Isolated	Massbank	Massbank	M+H	531.156	0.0	1	65277-42-1	N/A	CC(=O)N1CCN(CC1)C1=CC=C(OC[C@H]2CO[C@@](CN3C=CN=C3)(O2)C2=CC=C(Cl)C=C2Cl)C=C1	1S/C26H28Cl2N4O4/c1-19(33)31-10-12-32(13-11-31)21-3-5-22(6-4-21)34-15-23-16-35-26(36-23,17-30-9-8-29-18-30)24-7-2-20(27)14-25(24)28/h2-9,14,18,23H,10-13,15-17H2,1H3/t23-,26-/m0/s1	N/A	3	Positive	MASSBANK	531.156	UPDATE-SINGLE-ANNOTATED-BRONZE	Bronze		C26H28Cl2N4O4	XMAYWYJOQHXEEK-OZXSUGGESA-N	XMAYWYJOQHXEEK	N/A	N/A	N/A			Alkaloids	mzspec:GNPS:GNPS-LIBRARY:CCMSLIB00005775786
CCMSLIB00000079204	1373	spectra_filtered.mgf	GNPS-NIH-CLINICALCOLLECTION1.mgf	0.878318	522744.0	0	0.344077	19	9.15527e-05	266.082	1	temp/spectra_filtered.mgf1373	1	"""1-[4-[4-[[(2R,4S)-2-(2,4-dichlorophenyl)-2-(imidazol-1-ylmethyl)-1,3-dioxolan-4-yl]methoxy]phenyl]piperazin-1-yl]ethanone"""	LC-ESI	qTof	Commercial	Dorrestein	Garg_Neha	[M+2H]	266.082	530.149	1	N/A	N/A	CC(=O)N1CCN(CC1)c2ccc(OC[C@H]3CO[C@@](Cn4ccnc4)(O3)c5ccc(Cl)cc5Cl)cc2	InChI=1S/C26H28Cl2N4O4/c1-19(33)31-10-12-32(13-11-31)21-3-5-22(6-4-21)34-15-23-16-35-26(36-23,17-30-9-8-29-18-30)24-7-2-20(27)14-25(24)28/h2-9,14,18,23H,10-13,15-17H2,1H3/t23-,26-/m0/s1	N/A	1	Positive	GNPS-NIH-CLINICALCOLLECTION1	266.082	UPDATE-SINGLE-ANNOTATED-GOLD	Gold		C26H28Cl2N4O4	XMAYWYJOQHXEEK-OZXSUGGESA-N	XMAYWYJOQHXEEK	N/A	N/A	N/A			Alkaloids	mzspec:GNPS:GNPS-LIBRARY:CCMSLIB00000079204
CCMSLIB00012717252	1471	spectra_filtered.mgf	GNPS-N-ACYL-LIPIDS-MASSQL.mgf	0.873126	63840.0	0	0.403944	7	0.00012207	302.196	1	temp/spectra_filtered.mgf1471	1	Candidate Glutamic acid-C10:0 (delta mass:154.1359)	LC-ESI	Orbitrap	Crude	Pieter Dorrestein	helenamrusso	M+H	302.196	302.196	0	N/A	N/A	N/A	N/A	N/A	4	Positive	GNPS-N-ACYL-LIPIDS-MASSQL	302.196	UPDATE-SINGLE-ANNOTATED-BRONZE	Insilico		N/A	N/A	N/A	N/A	N/A	N/A	N/A	N/A	N/A	mzspec:GNPS:GNPS-LIBRARY:CCMSLIB00012717252
CCMSLIB00000079092	741	spectra_filtered.mgf	GNPS-NIH-CLINICALCOLLECTION1.mgf	0.868989	16815.0	0	0.360968	11	0.00012207	338.175	1	temp/spectra_filtered.mgf741	1	OLOPATADINE HYDROCHLORIDE	LC-ESI	qTof	Commercial	Dorrestein	Garg_Neha	[M+H]	338.175	337.168	1	N/A	N/A	CN(C)CC/C=C\1/c2ccccc2COc3ccc(CC(=O)O)cc13	InChI=1S/C21H23NO3/c1-22(2)11-5-8-18-17-7-4-3-6-16(17)14-25-20-10-9-15(12-19(18)20)13-21(23)24/h3-4,6-10,12H,5,11,13-14H2,1-2H3,(H,23,24)/b18-8-	N/A	1	Positive	GNPS-NIH-CLINICALCOLLECTION1	338.175	UPDATE-SINGLE-ANNOTATED-GOLD	Gold		C21H23NO3	JBIMVDZLSHOPLA-LSCVHKIXSA-N	JBIMVDZLSHOPLA	N/A	N/A	N/A			Polyketides	mzspec:GNPS:GNPS-LIBRARY:CCMSLIB00000079092
CCMSLIB00000478609	2270	spectra_filtered.mgf	GNPS-LIBRARY.mgf	0.865585	32278.0	0	0.0	8	0.0	383.246	1	temp/spectra_filtered.mgf2270	1	Likely similar to laureth sulfate A +28 Da compared sodium laureth sulfate	LC-ESI	qTof	Other	Dorrestein	Dorrestein	M+H	383.246	0.0	0	 	 	 	 	 	3	Positive	GNPS-LIBRARY	383.246	UPDATE-SINGLE-ANNOTATED-BRONZE	Bronze		N/A	N/A	N/A	N/A	N/A	N/A	N/A	N/A	N/A	mzspec:GNPS:GNPS-LIBRARY:CCMSLIB00000478609
CCMSLIB00005464897	2779	spectra_filtered.mgf	BILELIB19.mgf	0.862109	1178040.0	0	0.455745	5	0.000366211	803.543	1	temp/spectra_filtered.mgf2779	1	"""(R)-4-((3R,5R,8R,9S,10S,12S,13R,14S,17R)-3,12-dihydroxy-10,13-dimethylhexadecahydro-1H-cyclopenta[a]phenanthren-17-yl)pent-2-enoic acid"""	ESI	qTof	crude	Dorrestein	Emily Gentry	2M+Na	803.543	390.277	1			C[C@@H]([C@H]1CC[C@]2([H])[C@]1(C)[C@@H](O)C[C@@]3([H])[C@@]2([H])CC[C@@]4([H])[C@]3(C)CC[C@@H](O)C4)/C=C/C(O)=O	"""InChI=1S/C24H38O4/c1-14(4-9-22(27)28)18-7-8-19-17-6-5-15-12-16(25)10-11-23(15,2)20(17)13-21(26)24(18,19)3/h4,9,14-21,25-26H,5-8,10-13H2,1-3H3,(H,27,28)/b9-4+/t14-,15-,16-,17+,18-,19+,20+,21+,23+,24-/m1/s1"""	N/A	1	Positive	BILELIB19	803.543	UPDATE-SINGLE-ANNOTATED-GOLD	Gold		C24H38O4	RFZOTNNDUHYGNN-RQBLKUNCSA-N	RFZOTNNDUHYGNN	N/A	N/A	N/A	Steroids	Pregnane steroids	Terpenoids	mzspec:GNPS:GNPS-LIBRARY:CCMSLIB00005464897
CCMSLIB00012717130	1075	spectra_filtered.mgf	GNPS-N-ACYL-LIPIDS-MASSQL.mgf	0.862102	20537.0	0	0.445244	6	0.00012207	274.165	1	temp/spectra_filtered.mgf1075	1	Candidate Glutamic acid-C8:0 (delta mass:126.1047)	LC-ESI	Orbitrap	Crude	Pieter Dorrestein	helenamrusso	M+H	274.165	274.165	0	N/A	N/A	N/A	N/A	N/A	4	Positive	GNPS-N-ACYL-LIPIDS-MASSQL	274.165	UPDATE-SINGLE-ANNOTATED-BRONZE	Insilico		N/A	N/A	N/A	N/A	N/A	N/A	N/A	N/A	N/A	mzspec:GNPS:GNPS-LIBRARY:CCMSLIB00012717130
CCMSLIB00012717294	2314	spectra_filtered.mgf	GNPS-N-ACYL-LIPIDS-MASSQL.mgf	0.858186	61680.0	0	0.388426	7	0.00012207	314.269	1	temp/spectra_filtered.mgf2314	1	Candidate Alanine/Sarcosine-C15:0 (delta mass:224.2139)	LC-ESI	Orbitrap	Crude	Pieter Dorrestein	helenamrusso	M+H	314.269	314.269	0	N/A	N/A	N/A	N/A	N/A	4	Positive	GNPS-N-ACYL-LIPIDS-MASSQL	314.269	UPDATE-SINGLE-ANNOTATED-BRONZE	Insilico		N/A	N/A	N/A	N/A	N/A	N/A	N/A	N/A	N/A	mzspec:GNPS:GNPS-LIBRARY:CCMSLIB00012717294
CCMSLIB00005774719	2255	spectra_filtered.mgf	MASSBANK.mgf	0.858069	73660.0	0	0.587991	13	0.000213623	363.31	1	temp/spectra_filtered.mgf2255	1	Massbank:AU406502 3,6,9,12-Tetraoxatetracosan-1-ol|Tetraethylene glycol monododecyl ether|2-[2-[2-(2-dodecoxyethoxy)ethoxy]ethoxy]ethanol	ESI	qTof	Isolated	Massbank	Massbank	M+H	363.31	0.0	1	5274-68-0	N/A	CCCCCCCCCCCCOCCOCCOCCOCCO	1S/C20H42O5/c1-2-3-4-5-6-7-8-9-10-11-13-22-15-17-24-19-20-25-18-16-23-14-12-21/h21H,2-20H2,1H3	N/A	3	Positive	MASSBANK	363.31	UPDATE-SINGLE-ANNOTATED-BRONZE	Bronze		C20H42O5	WPMWEFXCIYCJSA-UHFFFAOYSA-N	WPMWEFXCIYCJSA	N/A	N/A	N/A	Glycerolipids	Monoacylglycerols	Fatty acids	mzspec:GNPS:GNPS-LIBRARY:CCMSLIB00005774719
CCMSLIB00003138821	2071	spectra_filtered.mgf	GNPS-NIST14-MATCHES.mgf	0.857153	23796.0	0	3.04283	10	0.00128174	421.231	1	temp/spectra_filtered.mgf2071	1	Spectral Match to Tris(2-butoxyethyl) phosphate from NIST14	LC-ESI	qTof	Isolated	Data from P Dorrestein	Data deposited by dfloros	M+Na	421.232	398.243	1	78513	N/A	CCCCOCCOP(OCCOCCCC)(OCCOCCCC)=O	InChI=1S/C18H39O7P/c1-4-7-10-20-13-16-23-26(19,24-17-14-21-11-8-5-2)25-18-15-22-12-9-6-3/h4-18H2,1-3H3	N/A	3	Positive	GNPS-NIST14-MATCHES	421.232	UPDATE-SINGLE-ANNOTATED-BRONZE	Bronze		C18H39O7P	WTLBZVNBAKMVDP-UHFFFAOYSA-N	WTLBZVNBAKMVDP	N/A	N/A	N/A	Glycerophospholipids		Fatty acids	mzspec:GNPS:GNPS-LIBRARY:CCMSLIB00003138821
CCMSLIB00006395938	2080	spectra_filtered.mgf	BMDMS-NP.mgf	0.854435	19249.0	0	7.63992	17	0.00360107	471.346	1	temp/spectra_filtered.mgf2080	1	glycyrrhetic acid	ESI	Orbitrap	Commercial standard	BMDMS-NP	BMDMS-NP	[M+H]+	471.35	470.34	1	N/A	N/A	O=C(O)C1(C)CCC2(C)CCC3(C(=CC(=O)C4C5(C)CCC(O)C(C)(C)C5CCC43C)C2C1)C	InChI=1S/C30H46O4/c1-25(2)21-8-11-30(7)23(28(21,5)10-9-22(25)32)20(31)16-18-19-17-27(4,24(33)34)13-12-26(19,3)14-15-29(18,30)6/h16,19,21-23,32H,8-15,17H2,1-7H3,(H,33,34)	N/A	1	Positive	BMDMS-NP	471.35	UPDATE-SINGLE-ANNOTATED-GOLD	Gold		C30H46O4	MPDGHEJMBKOTSU-UHFFFAOYSA-N	MPDGHEJMBKOTSU	N/A	N/A	N/A	Triterpenoids	Oleanane triterpenoids	Terpenoids	mzspec:GNPS:GNPS-LIBRARY:CCMSLIB00006395938
CCMSLIB00005489737	1538	spectra_filtered.mgf	GNPS-IIMN-PROPOGATED.mgf	0.851078	76427.0	0	1.04519	7	0.000488281	467.168	1	temp/spectra_filtered.mgf1538	1	Spectral Match to Diethyl phthalate from NIST14 [IIN-based on: CCMSLIB00003135032]	LC-ESI	qTof	Other	Pieter Dorrestein	Robin Schmid	[2M+Na]+	467.168	222.089	1	N/A	N/A	N/A	N/A	N/A	3	Positive	GNPS-IIMN-PROPOGATED	467.168	UPDATE-SINGLE-ANNOTATED-BRONZE	Bronze		N/A	N/A	N/A	N/A	N/A	N/A	N/A	N/A	N/A	mzspec:GNPS:GNPS-LIBRARY:CCMSLIB00005489737
CCMSLIB00003135327	251	spectra_filtered.mgf	GNPS-NIST14-MATCHES.mgf	0.837375	891587.0	0	9.76202	21	0.00491333	503.306	1	temp/spectra_filtered.mgf251	1	Spectral Match to Undecaethylene glycol from NIST14	ESI	QqQ	Isolated	Data from Karly Nisson	Data deposited by fevargas	M+H	503.311	0.0	1	6809707	N/A	N/A	N/A	N/A	3	Positive	GNPS-NIST14-MATCHES	503.311	UPDATE-SINGLE-ANNOTATED-BRONZE	Bronze	Mouse:Tissue[Sample Type Detected]	N/A	N/A	N/A	N/A	N/A	N/A	N/A	N/A	N/A	mzspec:GNPS:GNPS-LIBRARY:CCMSLIB00003135327
CCMSLIB00005489689	2072	spectra_filtered.mgf	GNPS-IIMN-PROPOGATED.mgf	0.835405	178423.0	0	7.82053	9	0.00640869	819.476	1	temp/spectra_filtered.mgf2072	1	Spectral Match to Tris(2-butoxyethyl) phosphate from NIST14 [IIN-based on: CCMSLIB00003139119]	LC-ESI	Orbitrap	Other	Pieter Dorrestein	Robin Schmid	[2M+Na]+	819.47	398.24	1	N/A	N/A	N/A	N/A	N/A	3	Positive	GNPS-IIMN-PROPOGATED	819.47	UPDATE-SINGLE-ANNOTATED-BRONZE	Bronze		N/A	N/A	N/A	N/A	N/A	N/A	N/A	N/A	N/A	mzspec:GNPS:GNPS-LIBRARY:CCMSLIB00005489689
CCMSLIB00006674852	2011	spectra_filtered.mgf	GNPS-NUTRI-METAB-FEM-POS.mgf	0.826803	19810.0	0	1.09291	11	0.000305176	279.232	1	temp/spectra_filtered.mgf2011	1	Linolenic acid - FA_C18_3	ESI	Orbitrap	Commercial	Ulaszewska	Marynka Ulaszewska	M+H	279.232	278.225	1	463-40-1	5280934.0	CCC=CCC=CCC=CCCCCCCCC(=O)O	InChI=1S/C18H30O2/c1-2-3-4-5-6-7-8-9-10-11-12-13-14-15-16-17-18(19)20/h3-4,6-7,9-10H,2,5,8,11-17H2,1H3,(H,19,20)/b4-3-,7-6-,10-9-	N/A	1	Positive	GNPS-NUTRI-METAB-FEM-POS	279.232	UPDATE-SINGLE-ANNOTATED-GOLD	Gold		C18H30O2	DTOSIQBPPRVQHS-UHFFFAOYSA-N	DTOSIQBPPRVQHS	N/A	N/A	N/A	Fatty Acids and Conjugates	Unsaturated fatty acids	Fatty acids	mzspec:GNPS:GNPS-LIBRARY:CCMSLIB00006674852
CCMSLIB00005772324	1597	spectra_filtered.mgf	MASSBANK.mgf	0.82639	76750.0	0	1.37632	7	0.000396729	288.253	1	temp/spectra_filtered.mgf1597	1	Massbank:AU284606 Lauryl diethanolamide|N,N-bis(2-hydroxyethyl)dodecanamide	ESI	qTof	Isolated	Massbank	Massbank	M+H	288.253	0.0	1	120-40-1	N/A	CCCCCCCCCCCC(=O)N(CCO)CCO	1S/C16H33NO3/c1-2-3-4-5-6-7-8-9-10-11-16(20)17(12-14-18)13-15-19/h18-19H,2-15H2,1H3	N/A	3	Positive	MASSBANK	288.253	UPDATE-SINGLE-ANNOTATED-BRONZE	Bronze		C16H33NO3	AOMUHOFOVNGZAN-UHFFFAOYSA-N	AOMUHOFOVNGZAN	N/A	N/A	N/A	Fatty amides	N-acyl ethanolamines (endocannabinoids)	Fatty acids	mzspec:GNPS:GNPS-LIBRARY:CCMSLIB00005772324
CCMSLIB00013006252	383	spectra_filtered.mgf	MSNLIB-POSITIVE.mgf	0.820443	1244120.0	0	1.08942	5	0.000396729	364.166	1	temp/spectra_filtered.mgf383	1	Ozenoxacin	ESI	Orbitrap	Commercial	Tomas Pluskal	Corinna Brungs	[M+H]+	364.166	363.158	1	N/A	N/A	CNc1ncc(-c2c(C)c3c(cc2)c(=O)c(C(=O)O)cn3C2CC2)cc1C	InChI=1S/C21H21N3O3/c1-11-8-13(9-23-20(11)22-3)15-6-7-16-18(12(15)2)24(14-4-5-14)10-17(19(16)25)21(26)27/h6-10,14H,4-5H2,1-3H3,(H,22,23)(H,26,27)	XPIJWUTXQAGSLK-UHFFFAOYSA-N	1	Positive	MSNLIB-POSITIVE	364.166	UPDATE-SINGLE-ANNOTATED-GOLD	Gold		C21H21N3O3	XPIJWUTXQAGSLK-UHFFFAOYSA-N	XPIJWUTXQAGSLK	N/A	N/A	N/A	Nicotinic acid alkaloids	Pyridine alkaloids	Alkaloids	mzspec:GNPS:GNPS-LIBRARY:CCMSLIB00013006252
CCMSLIB00010011182	1744	spectra_filtered.mgf	ECG-ACYL-AMIDES-C4-C24-LIBRARY.mgf	0.820382	48862.0	0	1.64067	5	0.000518799	316.211	1	temp/spectra_filtered.mgf1744	1	Asp-C12:0	ESI	qTof	Crude	Dorrestein	Emily Gentry	M+H	316.212	315.205	1	N/A	N/A	CCCCCCCCCCCC(NC(C(O)=O)CC(O)=O)=O	InChI=1S/C16H29NO5/c1-2-3-4-5-6-7-8-9-10-11-14(18)17-13(16(21)22)12-15(19)20/h13H,2-12H2,1H3,(H,17,18)(H,19,20)(H,21,22)	N/A	2	Positive	ECG-ACYL-AMIDES-C4-C24-LIBRARY	316.212	UPDATE-SINGLE-ANNOTATED-SILVER	Silver		C16H29NO5	VCRXMSMANOGRCM-UHFFFAOYSA-N	VCRXMSMANOGRCM	N/A	N/A	N/A	Fatty amides	N-acyl amines	Fatty acids	mzspec:GNPS:GNPS-LIBRARY:CCMSLIB00010011182
CCMSLIB00013063018	1286	spectra_filtered.mgf	MSNLIB-POSITIVE.mgf	0.788797	27816.0	0	0.591498	10	0.000213623	361.156	1	temp/spectra_filtered.mgf1286	1	nadifloxacin	ESI	Orbitrap	Commercial	Tomas Pluskal	Corinna Brungs	[M+H]+	361.156	360.149	1	N/A	N/A	CC1CCc2c3c(cc(F)c2N2CCC(O)CC2)c(=O)c(C(=O)O)cn31	InChI=1S/C19H21FN2O4/c1-10-2-3-12-16-13(18(24)14(19(25)26)9-22(10)16)8-15(20)17(12)21-6-4-11(23)5-7-21/h8-11,23H,2-7H2,1H3,(H,25,26)	JYJTVFIEFKZWCJ-UHFFFAOYSA-N	1	Positive	MSNLIB-POSITIVE	361.156	UPDATE-SINGLE-ANNOTATED-GOLD	Gold		C19H21FN2O4	JYJTVFIEFKZWCJ-UHFFFAOYSA-N	JYJTVFIEFKZWCJ	N/A	N/A	N/A			Alkaloids	mzspec:GNPS:GNPS-LIBRARY:CCMSLIB00013063018
CCMSLIB00010010685	1491	spectra_filtered.mgf	ECG-ACYL-AMIDES-C4-C24-LIBRARY.mgf	0.78768	22970.0	0	0.648758	11	0.000213623	329.28	1	temp/spectra_filtered.mgf1491	1	Lys-C12:0	ESI	qTof	Crude	Dorrestein	Emily Gentry	M+H	329.28	328.273	1	N/A	N/A	CCCCCCCCCCCC(NC(CCCCN)C(O)=O)=O	InChI=1S/C18H36N2O3/c1-2-3-4-5-6-7-8-9-10-14-17(21)20-16(18(22)23)13-11-12-15-19/h16H,2-15,19H2,1H3,(H,20,21)(H,22,23)	N/A	2	Positive	ECG-ACYL-AMIDES-C4-C24-LIBRARY	329.28	UPDATE-SINGLE-ANNOTATED-SILVER	Silver		C18H36N2O3	PDQICKRFOKDJCH-UHFFFAOYSA-N	PDQICKRFOKDJCH	N/A	N/A	N/A	Fatty amides	N-acyl amines	Fatty acids	mzspec:GNPS:GNPS-LIBRARY:CCMSLIB00010010685
CCMSLIB00005467725	152	spectra_filtered.mgf	GNPS-LIBRARY.mgf	0.765688	178463.0	0	7.82486	10	0.00390625	499.206	1	temp/spectra_filtered.mgf152	1	Vincosamide	LC-ESI	qTof	Isolated	Claudia Maier	Armando Alcazar	M+H	499.21	0.0	1	 	 	 	 	 	3	Positive	GNPS-LIBRARY	499.21	UPDATE-SINGLE-ANNOTATED-BRONZE	Bronze		N/A	N/A	N/A	N/A	N/A	N/A	N/A	N/A	N/A	mzspec:GNPS:GNPS-LIBRARY:CCMSLIB00005467725
CCMSLIB00000077209	2005	spectra_filtered.mgf	GNPS-LIBRARY.mgf	0.765519	70550.0	0	0.257739	11	9.15527e-05	355.215	1	temp/spectra_filtered.mgf2005	1	Sodium_Laureth_Sulfate	ESI	Q-TOF	Cosmetic _raw meterial	Dorrestein	Amina	M+H	355.215	354.208	1	N/A	N/A	N/A	N/A	N/A	2	Positive	GNPS-LIBRARY	355.215	UPDATE-SINGLE-ANNOTATED-SILVER	Silver	Soap[Source Environment]||Detergent[Source Environment]||Cleaning Products[Source Environment]||Shampoo[Source Environment]||Ethoxyl Group[Chemical Family]||Cosmetic Products [Source Environment]||Bath Products[Source Environment]	N/A	N/A	N/A	N/A	N/A	N/A	N/A	N/A	N/A	mzspec:GNPS:GNPS-LIBRARY:CCMSLIB00000077209
CCMSLIB00005489498	157	spectra_filtered.mgf	GNPS-IIMN-PROPOGATED.mgf	0.759218	109500.0	0	4.43446	10	226.095	227.104	1	temp/spectra_filtered.mgf157	1	Spectral Match to Nonaethylene glycol from NIST14 [IIN-based on: CCMSLIB00003137287]	LC-ESI	Orbitrap	Other	Pieter Dorrestein	Robin Schmid	[M+Ca]2+	227.103	414.246	2	N/A	N/A	N/A	N/A	N/A	3	Positive	GNPS-IIMN-PROPOGATED	227.103	UPDATE-SINGLE-ANNOTATED-BRONZE	Bronze		N/A	N/A	N/A	N/A	N/A	N/A	N/A	N/A	N/A	mzspec:GNPS:GNPS-LIBRARY:CCMSLIB00005489498
CCMSLIB00003136422	2509	spectra_filtered.mgf	GNPS-NIST14-MATCHES.mgf	0.736321	33944.0	0	1.96447	10	0.000701904	357.3	1	temp/spectra_filtered.mgf2509	1	Spectral Match to Monoelaidin from NIST14	ESI	HCD	Isolated	Data from Rob Knight 	Data deposited by amelnik	M+H	357.299	0.0	1	2716532	N/A	N/A	N/A	N/A	3	Positive	GNPS-NIST14-MATCHES	357.299	UPDATE-SINGLE-ANNOTATED-BRONZE	Bronze	Lipid[Chemical Family]	N/A	N/A	N/A	N/A	N/A	N/A	N/A	N/A	N/A	mzspec:GNPS:GNPS-LIBRARY:CCMSLIB00003136422
CCMSLIB00006126896	404	spectra_filtered.mgf	GNPS-LIBRARY.mgf	0.735125	72303.0	0	0.291219	14	0.00012207	419.17	1	temp/spectra_filtered.mgf404	1	syringaresinol	LC-ESI	qTof	Isolated	"""Lingyi Kong, Jun Luo"""	"""Yongyi Li, Zhirong Cui"""	M+H	419.17	418.163	1	6216-82-6	N/A	OC1=C(OC)C=C([C@@H]2[C@@]3([H])CO[C@@H](C4=CC(OC)=C(O)C(OC)=C4)[C@@]3([H])CO2)C=C1OC	"""InChI=1S/C22H26O8/c1-25-15-5-11(6-16(26-2)19(15)23)21-13-9-30-22(14(13)10-29-21)12-7-17(27-3)20(24)18(8-12)28-4/h5-8,13-14,21-24H,9-10H2,1-4H3/t13-,14-,21-,22+/m0/s1"""	N/A	1	Positive	GNPS-LIBRARY	419.17	UPDATE-SINGLE-ANNOTATED-GOLD	Gold		C22H26O8	KOWMJRJXZMEZLD-GKHNXXNSSA-N	KOWMJRJXZMEZLD	N/A	N/A	N/A	Lignans	Furofuranoid lignans	Shikimates and Phenylpropanoids	mzspec:GNPS:GNPS-LIBRARY:CCMSLIB00006126896
CCMSLIB00005489570	2820	spectra_filtered.mgf	GNPS-IIMN-PROPOGATED.mgf	0.721381	189583.0	0	0.695346	17	0.000488281	702.214	1	temp/spectra_filtered.mgf2820	1	Contaminant vial septum ThermoFisher C5000-44B [IIN-based: Match]	LC-ESI	Orbitrap	Other	Pieter Dorrestein	Robin Schmid	[M+NH4]+	702.213	684.179	1	N/A	N/A	N/A	N/A	N/A	3	Positive	GNPS-IIMN-PROPOGATED	702.213	UPDATE-SINGLE-ANNOTATED-BRONZE	Bronze		N/A	N/A	N/A	N/A	N/A	N/A	N/A	N/A	N/A	mzspec:GNPS:GNPS-LIBRARY:CCMSLIB00005489570
CCMSLIB00013641671	334	spectra_filtered.mgf	GNPS-DRUG-ANALOG.mgf	0.716327	113950.0	0	4.2317	5	0.00250244	591.359	1	temp/spectra_filtered.mgf334	1	related spectra of 'fosinopril (Delta Mass:27.05)'	LC-ESI	Orbitrap	Crude	Pieter Dorrestein	Nina Zhao	M+H	591.356	0.0	1	N/A	N/A	N/A	N/A	N/A	3	Positive	GNPS-DRUG-ANALOG	591.356	UPDATE-SINGLE-ANNOTATED-BRONZE	Bronze		N/A	N/A	N/A	N/A	N/A	N/A	N/A	N/A	N/A	mzspec:GNPS:GNPS-LIBRARY:CCMSLIB00013641671
CCMSLIB00003138200	2783	spectra_filtered.mgf	GNPS-NIST14-MATCHES.mgf	0.713162	21023.0	0	1.53336	12	0.000518799	338.341	1	temp/spectra_filtered.mgf2783	1	Spectral Match to 13-Docosenamide, (Z)- from NIST14	ESI	QQQ	Isolated	Data from P. Dorrestein R. Knight	Data deposited by aaksenov	M+H	338.342	337.335	1	112845	N/A	CCCCCCCC/C=C\CCCCCCCCCCCC(=O)N	InChI=1S/C22H43NO/c1-2-3-4-5-6-7-8-9-10-11-12-13-14-15-16-17-18-19-20-21-22(23)24/h9-10H,2-8,11-21H2,1H3,(H2,23,24)/b10-9-	N/A	3	Positive	GNPS-NIST14-MATCHES	338.342	UPDATE-SINGLE-ANNOTATED-BRONZE	Bronze		C22H43NO	UAUDZVJPLUQNMU-KTKRTIGZSA-N	UAUDZVJPLUQNMU	N/A	N/A	N/A	Fatty amides	Primary amides	Fatty acids	mzspec:GNPS:GNPS-LIBRARY:CCMSLIB00003138200
CCMSLIB00005436457	2409	spectra_filtered.mgf	GNPS-LIBRARY.mgf	0.709056	24685.0	0	1.19755	9	0.000396729	331.284	1	temp/spectra_filtered.mgf2409	1	Ceratodictyol	LC-ESI	qTof	Crude	Vinayak Agarwal	Vinayak Agarwal	M+H	331.284	330.276	1	 	 	CCCCCCCCCCC(O)/C=C/CCCOCC(O)CO	InChI=1S/C19H38O4/c1-2-3-4-5-6-7-8-10-13-18(21)14-11-9-12-15-23-17-19(22)16-20/h11,14,18-22H,2-10,12-13,15-17H2,1H3/b14-11+	 	3	Positive	GNPS-LIBRARY	331.284	UPDATE-SINGLE-ANNOTATED-BRONZE	Bronze		C19H38O4	QDKBEJZVRCVOPZ-SDNWHVSQSA-N	QDKBEJZVRCVOPZ	N/A	N/A	N/A	Glycerolipids	Monoacylglycerols	Fatty acids	mzspec:GNPS:GNPS-LIBRARY:CCMSLIB00005436457
CCMSLIB00005776197	2033	spectra_filtered.mgf	MASSBANK.mgf	0.688653	3511.0	0	1.34398	5	0.000488281	363.31	1	temp/spectra_filtered.mgf2033	1	Massbank:AU406501 3,6,9,12-Tetraoxatetracosan-1-ol|Tetraethylene glycol monododecyl ether|2-[2-[2-(2-dodecoxyethoxy)ethoxy]ethoxy]ethanol	ESI	qTof	Isolated	Massbank	Massbank	M+H	363.31	0.0	1	5274-68-0	N/A	CCCCCCCCCCCCOCCOCCOCCOCCO	1S/C20H42O5/c1-2-3-4-5-6-7-8-9-10-11-13-22-15-17-24-19-20-25-18-16-23-14-12-21/h21H,2-20H2,1H3	N/A	3	Positive	MASSBANK	363.31	UPDATE-SINGLE-ANNOTATED-BRONZE	Bronze		C20H42O5	WPMWEFXCIYCJSA-UHFFFAOYSA-N	WPMWEFXCIYCJSA	N/A	N/A	N/A	Glycerolipids	Monoacylglycerols	Fatty acids	mzspec:GNPS:GNPS-LIBRARY:CCMSLIB00005776197
CCMSLIB00013654378	2157	spectra_filtered.mgf	GNPS-DRUG-ANALOG.mgf	0.665907	41386.0	0	0.577046	6	0.000213623	370.201	1	temp/spectra_filtered.mgf2157	1	related spectra of '302776-68-7 (Delta Mass:-28.031)'	LC-ESI	Orbitrap	Crude	Pieter Dorrestein	Nina Zhao	M+H	370.201	0.0	1	N/A	N/A	N/A	N/A	N/A	3	Positive	GNPS-DRUG-ANALOG	370.201	UPDATE-SINGLE-ANNOTATED-BRONZE	Bronze		N/A	N/A	N/A	N/A	N/A	N/A	N/A	N/A	N/A	mzspec:GNPS:GNPS-LIBRARY:CCMSLIB00013654378
CCMSLIB00003136151	2061	spectra_filtered.mgf	GNPS-NIST14-MATCHES.mgf	0.665475	39697.0	0	1.08508	8	0.000305176	281.247	1	temp/spectra_filtered.mgf2061	1	Spectral Match to Conjugated linoleic Acid (10E,12Z) from NIST14	ESI	qTof	Isolated	Data from Rob Knight 	Data deposited by amelnik	M+H	281.247	280.24	1	2420566	N/A	CCCCC/C=C\C=C\CCCCCCCCC(=O)O	InChI=1S/C18H32O2/c1-2-3-4-5-6-7-8-9-10-11-12-13-14-15-16-17-18(19)20/h6-9H,2-5,10-17H2,1H3,(H,19,20)/b7-6-,9-8+	N/A	3	Positive	GNPS-NIST14-MATCHES	281.247	UPDATE-SINGLE-ANNOTATED-BRONZE	Bronze	Lipid[Chemical Family]	C18H32O2	GKJZMAHZJGSBKD-NMMTYZSQSA-N	GKJZMAHZJGSBKD	N/A	N/A	N/A	Fatty Acids and Conjugates	Unsaturated fatty acids	Fatty acids	mzspec:GNPS:GNPS-LIBRARY:CCMSLIB00003136151
CCMSLIB00010010682	1883	spectra_filtered.mgf	ECG-ACYL-AMIDES-C4-C24-LIBRARY.mgf	0.654564	235038.0	0	0.827336	7	0.000213623	258.206	1	temp/spectra_filtered.mgf1883	1	Gly-C12:0	ESI	qTof	Crude	Dorrestein	Emily Gentry	M+H	258.206	257.199	1	N/A	N/A	CCCCCCCCCCCC(NCC(O)=O)=O	InChI=1S/C14H27NO3/c1-2-3-4-5-6-7-8-9-10-11-13(16)15-12-14(17)18/h2-12H2,1H3,(H,15,16)(H,17,18)	N/A	2	Positive	ECG-ACYL-AMIDES-C4-C24-LIBRARY	258.206	UPDATE-SINGLE-ANNOTATED-SILVER	Silver		C14H27NO3	JWGGSJFIGIGFSQ-UHFFFAOYSA-N	JWGGSJFIGIGFSQ	N/A	N/A	N/A	Fatty amides	N-acyl amines	Fatty acids	mzspec:GNPS:GNPS-LIBRARY:CCMSLIB00010010682
CCMSLIB00003137300	2287	spectra_filtered.mgf	GNPS-NIST14-MATCHES.mgf	0.643594	81778.0	0	4.81949	9	0.00158691	329.268	1	temp/spectra_filtered.mgf2287	1	Spectral Match to Monopalmitolein (9c) from NIST14	ESI	HCD	Isolated	Data from Pieter C Dorrestein	Data deposited by negarg	M+H	329.27	0.0	1	37515610	N/A	N/A	N/A	N/A	3	Positive	GNPS-NIST14-MATCHES	329.27	UPDATE-SINGLE-ANNOTATED-BRONZE	Bronze		N/A	N/A	N/A	N/A	N/A	N/A	N/A	N/A	N/A	mzspec:GNPS:GNPS-LIBRARY:CCMSLIB00003137300
CCMSLIB00003136820	2160	spectra_filtered.mgf	GNPS-NIST14-MATCHES.mgf	0.641801	14679.0	0	11.2709	11	0.00341797	303.253	1	temp/spectra_filtered.mgf2160	1	Spectral Match to Glycerol 1-myristate from NIST14	LC-ESI	qTof	Isolated	Data from ckapono	Data deposited by ckapono	M+H	303.256	0.0	1	589684	N/A	CCCCCCCCCCCCCC(OCC(O)CO)=O	InChI=1S/C17H34O4/c1-2-3-4-5-6-7-8-9-10-11-12-13-17(20)21-15-16(19)14-18/h16,18-19H,2-15H2,1H3	N/A	3	Positive	GNPS-NIST14-MATCHES	303.256	UPDATE-SINGLE-ANNOTATED-BRONZE	Bronze		C17H34O4	DCBSHORRWZKAKO-UHFFFAOYSA-N	DCBSHORRWZKAKO	N/A	N/A	N/A	Glycerolipids	Monoacylglycerols	Fatty acids	mzspec:GNPS:GNPS-LIBRARY:CCMSLIB00003136820
CCMSLIB00013641800	252	spectra_filtered.mgf	GNPS-DRUG-ANALOG.mgf	0.635652	344610.0	0	29.9125	17	0.015564	520.333	1	temp/spectra_filtered.mgf252	1	related spectra of 'fosinopril (Delta Mass:-43.99)'	LC-ESI	Orbitrap	Crude	Pieter Dorrestein	Nina Zhao	M+H	520.317	0.0	1	N/A	N/A	N/A	N/A	N/A	3	Positive	GNPS-DRUG-ANALOG	520.317	UPDATE-SINGLE-ANNOTATED-BRONZE	Bronze		N/A	N/A	N/A	N/A	N/A	N/A	N/A	N/A	N/A	mzspec:GNPS:GNPS-LIBRARY:CCMSLIB00013641800
CCMSLIB00010149161	2224	spectra_filtered.mgf	MCE-DRUG.mgf	0.627854	24205.0	0	0.406584	12	0.000244141	600.468	1	temp/spectra_filtered.mgf2224	1	Polidocanol	ESI	Orbitrap	Crude	Tomas Pluskal	Corinna Brungs	M+H	600.468	582.434	1	N/A	N/A	CCCCCCCCCCCCOCCOCCOCCOCCOCCOCCOCCOCCOCCO	"""InChI=1S/C30H62O10/c1-2-3-4-5-6-7-8-9-10-11-13-32-15-17-34-19-21-36-23-25-38-27-29-40-30-28-39-26-24-37-22-20-35-18-16-33-14-12-31/h31H,2-30H2,1H3"""	ONJQDTZCDSESIW-UHFFFAOYSA-N	3	Positive	MCE-DRUG	600.468	UPDATE-SINGLE-ANNOTATED-BRONZE	Bronze		C30H62O10	ONJQDTZCDSESIW-UHFFFAOYSA-N	ONJQDTZCDSESIW	N/A	N/A	N/A	Glycerolipids	Triacylglycerols	Fatty acids	mzspec:GNPS:GNPS-LIBRARY:CCMSLIB00010149161
CCMSLIB00013576296	1547	spectra_filtered.mgf	CMMC-FOOD-BIOMARKERS.mgf	0.627456	7932.0	0	0.3338	5	9.15527e-05	274.274	1	temp/spectra_filtered.mgf1547	1	Palmitic Acid (known structural isomers: 0; isobaric peaks in run: 0)	LC-ESI	Orbitrap	Crude	Pieter Dorrestein	Julius	[M+NH4]+	274.274	256.24	1	N/A	N/A	CCCCCCCCCCCCCCCC(=O)O	InChI=1S/C16H32O2/c1-2-3-4-5-6-7-8-9-10-11-12-13-14-15-16(17)18/h2-15H2,1H3,(H,17,18)	InChI=1S/C16H32O2/c1-2-3-4-5-6-7-8-9-10-11-12-13-14-15-16(17)18/h2-15H2,1H3,(H,17,18) [M+NH4]+	1	Positive	CMMC-FOOD-BIOMARKERS	274.274	UPDATE-SINGLE-ANNOTATED-GOLD	Gold		C16H32O2	IPCSVZSSVZVIGE-UHFFFAOYSA-N	IPCSVZSSVZVIGE	N/A	N/A	N/A	Fatty Acids and Conjugates	Branched fatty acids|Unsaturated fatty acids	Fatty acids	mzspec:GNPS:GNPS-LIBRARY:CCMSLIB00013576296
CCMSLIB00010010711	2069	spectra_filtered.mgf	ECG-ACYL-AMIDES-C4-C24-LIBRARY.mgf	0.625726	206734.0	0	1.81247	5	0.000518799	286.237	1	temp/spectra_filtered.mgf2069	1	Gly-C14:0	ESI	qTof	Crude	Dorrestein	Emily Gentry	M+H	286.238	285.23	1	N/A	N/A	CCCCCCCCCCCCCC(NCC(O)=O)=O	InChI=1S/C16H31NO3/c1-2-3-4-5-6-7-8-9-10-11-12-13-15(18)17-14-16(19)20/h2-14H2,1H3,(H,17,18)(H,19,20)	N/A	2	Positive	ECG-ACYL-AMIDES-C4-C24-LIBRARY	286.238	UPDATE-SINGLE-ANNOTATED-SILVER	Silver		C16H31NO3	DYUGTPXLDJQBRB-UHFFFAOYSA-N	DYUGTPXLDJQBRB	N/A	N/A	N/A	Fatty amides	N-acyl amines	Fatty acids	mzspec:GNPS:GNPS-LIBRARY:CCMSLIB00010010711
CCMSLIB00012323236	2385	spectra_filtered.mgf	MSNLIB-POSITIVE.mgf	0.616666	1692460.0	0	1.76255	8	0.000701904	398.232	1	temp/spectra_filtered.mgf2385	1	302776-68-7	ESI	Orbitrap	Crude	Tomas Pluskal	Corinna Brungs	[M+H]+	398.233	397.225	1	N/A	N/A	CCCCCCOC(=O)c1ccccc1C(=O)c1c(O)cc(N(CC)CC)cc1	InChI=1S/C24H31NO4/c1-4-7-8-11-16-29-24(28)20-13-10-9-12-19(20)23(27)21-15-14-18(17-22(21)26)25(5-2)6-3/h9-10,12-15,17,26H,4-8,11,16H2,1-3H3	FDATWRLUYRHCJE-UHFFFAOYSA-N	1	Positive	MSNLIB-POSITIVE	398.233	UPDATE-SINGLE-ANNOTATED-GOLD	Gold		C24H31NO4	FDATWRLUYRHCJE-UHFFFAOYSA-N	FDATWRLUYRHCJE	N/A	N/A	N/A			Shikimates and Phenylpropanoids	mzspec:GNPS:GNPS-LIBRARY:CCMSLIB00012323236
CCMSLIB00003139836	2441	spectra_filtered.mgf	GNPS-NIST14-MATCHES.mgf	0.615791	12540.0	0	0.0	8	0.0	282.279	1	temp/spectra_filtered.mgf2441	1	Spectral Match to 9-Octadecenamide, (Z)- from NIST14	ESI	HCD	Isolated	Data from P. Dorrestein R. Knight	Data deposited by aaksenov	M+H	282.279	0.0	1	301020	N/A	N/A	N/A	N/A	3	Positive	GNPS-NIST14-MATCHES	282.279	UPDATE-SINGLE-ANNOTATED-BRONZE	Bronze		N/A	N/A	N/A	N/A	N/A	N/A	N/A	N/A	N/A	mzspec:GNPS:GNPS-LIBRARY:CCMSLIB00003139836
